{
  "center": [
    73.1928939819336,
    28.900161743164062,
    56.43351364135742
  ],
  "scale": 25.35327911376953
}