{
  "mean_spearman": 0.6102991703245049,
  "std_spearman": 0.06743097941180115
}