{
  "mean_spearman": 0.5911805472323264,
  "std_spearman": 0.055630413030655246,
  "msa": "data/msa/tp53_alignment.aln"
}