{
  "mean_spearman": 0.5916464731879278,
  "std_spearman": 0.08261070746045851
}