{
  "mean_spearman": 0.5856443175407293,
  "std_spearman": 0.07575911784889611,
  "dca_scale": 1.0,
  "msa": "data/msa/tp53_alignment.aln"
}