{
  "model": "delta_esm_mean_mlp",
  "mean_spearman": 0.3259814381599426,
  "std_spearman": 0.09080274403095245,
  "meta": {
    "esm_model": "esm2_t6_8M_UR50D",
    "y_mean": 48.687984466552734,
    "y_std": 45.763694773183595,
    "n": 1157,
    "dim": 320,
    "seed": 42
  }
}